title,seakpeek,date,link
"유증 호재 신한지주, 최저금리 신종자본증권 발행 유력","신한금융지주가 올해 발행된 금융지주 신종자본증권 가운데 역대 최저금리를 달성할 것으로 전망됐다. 수요예측에서 크게 흥행한 덕분이다. 경쟁률도 2배수를 훌쩍 넘었다.

신한금융지주는 4일 이사회를...",2020-09-11 오후 5:27:58,http://www.thebell.co.kr/free/content/ArticleView.asp?key=20200911165156964010457
"CJ대한통운, 7년만의 사모채…단기성차입금 상환",CJ대한통운이 사모채를 발행해 800억원을 조달한다. 단기 차입금을 장기물로 차환해 재무 건전성을 제고할 방침이다. CJ대한통운이 영구채가 아닌 일반 사채를 사모 방식으로 조달하는 것은 2013년 ...,2020-09-10 오후 1:51:22,http://www.thebell.co.kr/free/content/ArticleView.asp?key=202009071306186280103196
"'가치투자'를 업그레이드하다, 이건규 르네상스 대표",이건규 르네상스자산운용 대표(사진)는 지독한 근검 절약이 몸에 배어 있는 사람이다. 핸드폰은 단종되기 직전 모델만 구입하고 옷은 재고가 쌓여 할인 중인 것만 입으며 살아왔다. 그렇게 아낀 돈으로 주...,2020-03-24 오후 1:40:56,http://www.thebell.co.kr/free/content/ArticleView.asp?key=202003231504152760101944
[인사이드]LG가 잘돼야 하는 이유,LG그룹의 60년 사업력은 고유의 경영 인자(因子)를 낳았다. 조용하면서도 항상 변화와 개척의 첨단에 서있는 기업이 LG다. 치장하거나 부풀리지 않는다. 유연하고 침착하지만 결정의 순간에 단호하다....,2007-02-26 오후 4:50:26,http://www.thebell.co.kr/free/content/ArticleView.asp?key=4134
[인사이드]LG가 잘돼야 하는 이유,LG그룹의 60년 사업력은 고유의 경영 인자(因子)를 낳았다. 조용하면서도 항상 변화와 개척의 첨단에 서있는 기업이 LG다. 치장하거나 부풀리지 않는다. 유연하고 침착하지만 결정의 순간에 단호하다....,2007-02-26 오후 4:50:26,http://www.thebell.co.kr/free/content/ArticleView.asp?key=4134
"투비소프트, 채무상환 위해 200억 유증 나선다","기업용 UI(사용자인터페이스), UX(사용자경험) 전문기업 투비소프트가 운영자금과 채무상환을 위한 유동성 마련에 나섰다.  투비소프트는 11일 이사회를 열고 매그넘비이비코리아를 대상으로 2...",2020.09.11 19:57,https://paxnetnews.com/articles/65216
아시아나 M&A,우려가 일이 현실이 됐다. HDC현대산업개발-미래에셋대우 컨소시엄(이하 HDC현산)으로의 아시아나항공 인수·합병(M&A) 협상이 결렬됐다. 아시아나항공의 최대주주인 금호산업과 주채권은행인 ...,2020.09.11 19:07,https://paxnetnews.com/series/65210
"한국테크놀로지, 대우조선해양건설 지배력 강화",코스닥 상장사 한국테크놀로지가 대우조선해양건설의 지분을 전량 확보할 전망이다. 한국테크놀로지는 대우조선해양건설 최대주주인 한국인베스트먼트뱅크의 100% 주주로 올라설 예정이라고 11일 밝혔...,2020.09.11 16:47,https://paxnetnews.com/articles/65207
"급락장속 애경 오너2세, 3세에 증여...절묘한 타이밍?",애경그룹 오너 2세가 3세들에게 그룹 지주회사인 AK홀딩스 보유 주식을 대거 증여했다. AK홀딩스 주가가 급락한 시점에서 이뤄진 증여로 애경 오너 3세는 수십억원에 달하는 증여세 절감 효과...,2020.09.11 14:45,https://paxnetnews.com/articles/65191
공모주 열풍 시대,하반기 공모 시장이 호황 속에 미소를 짓고 있는 곳이 있다. 하이일드(High yield) 펀드다. 공모주 우선 배정 혜택 덕에 일반 청약에 비해 물량 확보가 쉬다는 점에서 시중 자금이 속...,2020.09.11 08:32,https://paxnetnews.com/series/65153
기록 제조기 카카오게임즈…'2연상' 가능할까?,카카오게임즈가 SK바이오팜에 이어 상장일 '따상(공모가 2배 시초가 형성 후 상한가)'을 기록하며 증시에 화려하게 데뷔했다. 상장일 매도 가능한 유통주식 수가 SK바이오팜 대비 2배 이상 ...,2020.09.11 08:26,https://paxnetnews.com/articles/65144
"롯데지주, 해외법인 2곳 롯데칠성에 넘겨",롯데지주는 10일 이사회를 열고 펩시콜라 필리핀법인 주식 15억5939만주(715억원)와 롯데주류 일본법인 주식 9만주(205억원)를 롯데칠성에 현물출자한다고 이날 공시했다. 이번 현물출자...,2020.09.10 18:12,https://paxnetnews.com/articles/65171
"티웨이항공, 720억 유상증자 재도전",티웨이항공이 유상증자에 재도전한다. 지난 7월 500억원 규모의 유상증자 추진이 실패로 돌아간 이후 약 한달 반만에 다시 유상증자에 나선 것이다. 티웨이항공은 주주배정 후 실권주 일반공모 ...,2020.09.10 18:05,https://paxnetnews.com/articles/65162
"한기평 ""호텔롯데·신라, 연내 신용등급 하락 가능성""",호텔롯데와 호텔신라 등 주요 면세기업들의 신용등급이 연중 하락할 여지가 커지고 있다. '코로나19' 사태가 지속되는 가운데 하반기에도 실적 부진이 이어지고 재무구조 또한 취약해질 수 있다는...,2020.09.10 17:49,https://paxnetnews.com/articles/65167
"이원컴포텍, 바이러스 진단키트 사업 진출",코로나 바이러스 감염증(COVID-19)의 확산이 이어지는 가운데 이원컴포텍은 바이러스 진단키트 사업에 진출한다고 10일 밝혔다. 이원컴포텍은 PCR(유전자증폭) 방식 등 기존의 바이러스 ...,2020.09.10 17:37,https://paxnetnews.com/articles/65168
"우리들휴브레인, 코로나19 진단키트 유럽공급 본격화",우리들휴브레인이 수젠텍과 해외 수출을 위한 코로나19 항체 신속진단키트(SGTi-flex COVID-19 IgM/IgG) 구매 발주 계약을 체결했다고 10일 밝혔다. 우리들휴브레인은 구매 ...,2020.09.10 17:36,https://paxnetnews.com/articles/65166
"대림산업, 내년 1월부터 지주사 전환",대림산업이 각 사업부문을 분할하고 지주사 체제로 전환하는 기업 분할을 감행한다. 대림산업은 10일 이사회를 열고 지주회사와 2개의 사업회사로 분할하는 방안을 의결했다고 밝혔다. 인적·물적분...,2020.09.10 16:46,https://paxnetnews.com/articles/65160
"이트론, 비대면 화상회의 솔루션 사업 진출",ICT(정보·통신·기술) 기업 이트론이 엔빌정보기술과 '비대면 화상회의 솔루션사업' 업무 협약을 체결했다고 10일 밝혔다. 엔빌정보기술은 인공지능(AI) 기술 기반의 화상회의 소프트웨어 전...,2020.09.10 13:50,https://paxnetnews.com/articles/65146
"메디포럼·메디포럼제약, 경영권 분쟁 일단락",코스닥 상장사 메디포럼제약의 경영권을 둘러싼 다툼이 일단락 됐다. 메디포럼과 메디포럼제약이 쌍방으로 얽힌 법적 분쟁을 끝내고 각자의 길을 걷기로 합의했다. 메디포럼제약은 에이치엘비(HLB)...,2020.09.10 08:42,https://paxnetnews.com/articles/65111
공모주 열풍 시대,청약 열풍이 거세지면서 공모주 시장의 허점이 드러나고 있다. 청약증거금을 많이 낼수록 공모주를 많이 배정 받는 현재 방식이 개인투자자에게 불리하다는 지적이다. 금융투자협회의 '증권 인수업무...,2020.09.10 08:34,https://paxnetnews.com/series/65121
"'뱅크', '페이지'...카카오게임즈 잇는 '2호' 상장사는?",카카오게임즈가 역대급 기업공개(IPO) 흥행을 기록하면서 현재 상장을 추진 중인 카카오페이지와 카카오뱅크의 공모 시점에 시장의 이목이 쏠리고 있다. 현재 IPO 준비 면에서는 카카오페이지가...,2020.09.10 08:34,https://paxnetnews.com/articles/65128
"미래에셋운용, 美 아마존 물류센터 3곳 인수",미래에셋자산운용이 미국 아마존물류센터 3곳에 투자한다. 약 1700만달러를 투자해 물류센터의 지분을 인수한 뒤 배당금을 받는 형식으로 수익을 낼 예정이다. 9일 관련업계에 따르면 미래에셋자...,2020.09.09 15:19,https://paxnetnews.com/articles/65112
"에이티세미콘, 건기식 사업 박차",에이티세미콘은 관계사 에이펙셀이 미국 식품의약국(FDA)에 접수한 건강기능식품 '막고랑복고랑'이 이달말쯤 판매 승인을 받을 것으로 보인다고 9일 밝혔다. '막고랑복구랑'이란 이름은 코로나 ...,2020.09.09 14:25,https://paxnetnews.com/articles/65109
"의료용 지혈제 기업 이노테라피, GMP 인증",의료용 지혈제 전문기업 이노테라피가 식품의약품안전처로부터  4등급 의료기기 제조 및 품질관리기준 (KGMP) 적합 인증을 획득다고 9일 밝혔다.  GMP는 제조업자가 생산하는 제품이 안전하...,2020.09.09 09:42,https://paxnetnews.com/articles/65091
무역금융外 1.4조 라임 부실펀드도 전액 배상 될까?,라임자산운용(이후 라임)의 부실펀드를 판매했던 판매사들이 금융당국의 무역금융펀드 전액배상 권고안을 수용한 이후 남아있는 라임 부실펀드(플루토 FI D-1호·테티스 2호·CI 1호)의 손실 ...,2020.09.09 08:40,https://paxnetnews.com/articles/65072
"투비소프트, 채무상환 위해 200억 유증 나선다","기업용 UI(사용자인터페이스), UX(사용자경험) 전문기업 투비소프트가 운영자금과 채무상환을 위한 유동성 마련에 나섰다.  투비소프트는 11일 이사회를 열고 매그넘비이비코리아를 대상으로 2...",2020.09.11 19:57,https://paxnetnews.com/articles/65216
아시아나 M&A,우려가 일이 현실이 됐다. HDC현대산업개발-미래에셋대우 컨소시엄(이하 HDC현산)으로의 아시아나항공 인수·합병(M&A) 협상이 결렬됐다. 아시아나항공의 최대주주인 금호산업과 주채권은행인 ...,2020.09.11 19:07,https://paxnetnews.com/series/65210
"한국테크놀로지, 대우조선해양건설 지배력 강화",코스닥 상장사 한국테크놀로지가 대우조선해양건설의 지분을 전량 확보할 전망이다. 한국테크놀로지는 대우조선해양건설 최대주주인 한국인베스트먼트뱅크의 100% 주주로 올라설 예정이라고 11일 밝혔...,2020.09.11 16:47,https://paxnetnews.com/articles/65207
"급락장속 애경 오너2세, 3세에 증여...절묘한 타이밍?",애경그룹 오너 2세가 3세들에게 그룹 지주회사인 AK홀딩스 보유 주식을 대거 증여했다. AK홀딩스 주가가 급락한 시점에서 이뤄진 증여로 애경 오너 3세는 수십억원에 달하는 증여세 절감 효과...,2020.09.11 14:45,https://paxnetnews.com/articles/65191
공모주 열풍 시대,하반기 공모 시장이 호황 속에 미소를 짓고 있는 곳이 있다. 하이일드(High yield) 펀드다. 공모주 우선 배정 혜택 덕에 일반 청약에 비해 물량 확보가 쉬다는 점에서 시중 자금이 속...,2020.09.11 08:32,https://paxnetnews.com/series/65153
기록 제조기 카카오게임즈…'2연상' 가능할까?,카카오게임즈가 SK바이오팜에 이어 상장일 '따상(공모가 2배 시초가 형성 후 상한가)'을 기록하며 증시에 화려하게 데뷔했다. 상장일 매도 가능한 유통주식 수가 SK바이오팜 대비 2배 이상 ...,2020.09.11 08:26,https://paxnetnews.com/articles/65144
"롯데지주, 해외법인 2곳 롯데칠성에 넘겨",롯데지주는 10일 이사회를 열고 펩시콜라 필리핀법인 주식 15억5939만주(715억원)와 롯데주류 일본법인 주식 9만주(205억원)를 롯데칠성에 현물출자한다고 이날 공시했다. 이번 현물출자...,2020.09.10 18:12,https://paxnetnews.com/articles/65171
"티웨이항공, 720억 유상증자 재도전",티웨이항공이 유상증자에 재도전한다. 지난 7월 500억원 규모의 유상증자 추진이 실패로 돌아간 이후 약 한달 반만에 다시 유상증자에 나선 것이다. 티웨이항공은 주주배정 후 실권주 일반공모 ...,2020.09.10 18:05,https://paxnetnews.com/articles/65162
"한기평 ""호텔롯데·신라, 연내 신용등급 하락 가능성""",호텔롯데와 호텔신라 등 주요 면세기업들의 신용등급이 연중 하락할 여지가 커지고 있다. '코로나19' 사태가 지속되는 가운데 하반기에도 실적 부진이 이어지고 재무구조 또한 취약해질 수 있다는...,2020.09.10 17:49,https://paxnetnews.com/articles/65167
"이원컴포텍, 바이러스 진단키트 사업 진출",코로나 바이러스 감염증(COVID-19)의 확산이 이어지는 가운데 이원컴포텍은 바이러스 진단키트 사업에 진출한다고 10일 밝혔다. 이원컴포텍은 PCR(유전자증폭) 방식 등 기존의 바이러스 ...,2020.09.10 17:37,https://paxnetnews.com/articles/65168
"우리들휴브레인, 코로나19 진단키트 유럽공급 본격화",우리들휴브레인이 수젠텍과 해외 수출을 위한 코로나19 항체 신속진단키트(SGTi-flex COVID-19 IgM/IgG) 구매 발주 계약을 체결했다고 10일 밝혔다. 우리들휴브레인은 구매 ...,2020.09.10 17:36,https://paxnetnews.com/articles/65166
"대림산업, 내년 1월부터 지주사 전환",대림산업이 각 사업부문을 분할하고 지주사 체제로 전환하는 기업 분할을 감행한다. 대림산업은 10일 이사회를 열고 지주회사와 2개의 사업회사로 분할하는 방안을 의결했다고 밝혔다. 인적·물적분...,2020.09.10 16:46,https://paxnetnews.com/articles/65160
"이트론, 비대면 화상회의 솔루션 사업 진출",ICT(정보·통신·기술) 기업 이트론이 엔빌정보기술과 '비대면 화상회의 솔루션사업' 업무 협약을 체결했다고 10일 밝혔다. 엔빌정보기술은 인공지능(AI) 기술 기반의 화상회의 소프트웨어 전...,2020.09.10 13:50,https://paxnetnews.com/articles/65146
"메디포럼·메디포럼제약, 경영권 분쟁 일단락",코스닥 상장사 메디포럼제약의 경영권을 둘러싼 다툼이 일단락 됐다. 메디포럼과 메디포럼제약이 쌍방으로 얽힌 법적 분쟁을 끝내고 각자의 길을 걷기로 합의했다. 메디포럼제약은 에이치엘비(HLB)...,2020.09.10 08:42,https://paxnetnews.com/articles/65111
공모주 열풍 시대,청약 열풍이 거세지면서 공모주 시장의 허점이 드러나고 있다. 청약증거금을 많이 낼수록 공모주를 많이 배정 받는 현재 방식이 개인투자자에게 불리하다는 지적이다. 금융투자협회의 '증권 인수업무...,2020.09.10 08:34,https://paxnetnews.com/series/65121
"'뱅크', '페이지'...카카오게임즈 잇는 '2호' 상장사는?",카카오게임즈가 역대급 기업공개(IPO) 흥행을 기록하면서 현재 상장을 추진 중인 카카오페이지와 카카오뱅크의 공모 시점에 시장의 이목이 쏠리고 있다. 현재 IPO 준비 면에서는 카카오페이지가...,2020.09.10 08:34,https://paxnetnews.com/articles/65128
"미래에셋운용, 美 아마존 물류센터 3곳 인수",미래에셋자산운용이 미국 아마존물류센터 3곳에 투자한다. 약 1700만달러를 투자해 물류센터의 지분을 인수한 뒤 배당금을 받는 형식으로 수익을 낼 예정이다. 9일 관련업계에 따르면 미래에셋자...,2020.09.09 15:19,https://paxnetnews.com/articles/65112
"에이티세미콘, 건기식 사업 박차",에이티세미콘은 관계사 에이펙셀이 미국 식품의약국(FDA)에 접수한 건강기능식품 '막고랑복고랑'이 이달말쯤 판매 승인을 받을 것으로 보인다고 9일 밝혔다. '막고랑복구랑'이란 이름은 코로나 ...,2020.09.09 14:25,https://paxnetnews.com/articles/65109
"의료용 지혈제 기업 이노테라피, GMP 인증",의료용 지혈제 전문기업 이노테라피가 식품의약품안전처로부터  4등급 의료기기 제조 및 품질관리기준 (KGMP) 적합 인증을 획득다고 9일 밝혔다.  GMP는 제조업자가 생산하는 제품이 안전하...,2020.09.09 09:42,https://paxnetnews.com/articles/65091
무역금융外 1.4조 라임 부실펀드도 전액 배상 될까?,라임자산운용(이후 라임)의 부실펀드를 판매했던 판매사들이 금융당국의 무역금융펀드 전액배상 권고안을 수용한 이후 남아있는 라임 부실펀드(플루토 FI D-1호·테티스 2호·CI 1호)의 손실 ...,2020.09.09 08:40,https://paxnetnews.com/articles/65072
공모주 열풍 시대,공모주 청약에서 연일 기록적인 경쟁률이 나타나면서 투자자들은 장외주식시장과 공모주 펀드로 눈을 돌리고 있다. 주식을 배정받을 가능성이 낮은 청약 시장보다는 장외 시장과 펀드를 통해 우량 종...,2020.09.09 08:39,https://paxnetnews.com/series/65071
"대어급 등장에 불붙은 IPO 시장, 주관 경쟁 치열","올해 기업공개(IPO) 시장에서 NH투자증권의 독주가 이어지고 있다. SK바이오팜, 빅히트엔터테인먼트 등 '조단위' 시가총액 딜을 잇달아 맡으면서 주관 실적 격차를 크게 벌린  NH투자증권...",2020.09.09 08:39,https://paxnetnews.com/articles/65070
"IPO '삼수생' 레인보우로보틱스, 기술 논란 불식 '심혈'","휴머노이드(인간 형태) 로봇 '휴보(HUBO)'를 개발한 레인보우로보틱스가 올해 기업공개(IPO)에 도전한다. 지난 2018년, 2019년에 이어 3번째로 성장성 특례 상장에 나선다. 다만...",2020.09.09 08:38,https://paxnetnews.com/articles/65033
해외 재간접 펀드 '쇼크' 줄줄이 환매 중단,"해외 자산운용사의 채권형 사모펀드에 투자한 재간접 공모펀드의 환매가 중단되면서 운용업계에 다시 먹구름이 드리우고 있다. 유럽, 미국에서 운용되는 모펀드 운용의 차질로 국내에서도 잇딴 환매 ...",2020.09.08 14:54,https://paxnetnews.com/articles/65067
만나봤더니,전자부품제조 전문 기업 시노펙스가 자체 보유한 필터 기술을 활용해 의료기기 제조·유통 시장에 진출한다. 조만간 생산 시설을 구축하고 상용화를 위한 인증 작업에 나설 예정이다.  박병주 시노...,2020.09.08 14:38,https://paxnetnews.com/series/65065
"UCI 자회사 바이오엑스, 면역세포치료 기술 도입",코스닥 상장사 UCI는 관계사인 미국의 온코펩(OncoPep)이 마나테라퓨틱스(MANA Therapeutics)의 면역세포 치료 기술(MTAA-T)을 기술이전(License In)했다고 8...,2020.09.08 14:33,https://paxnetnews.com/articles/65066
"우수AMS, 푸조시트로엥과 손잡았다…""글로벌 부품사 도약""",코스닥 상장사 우수AMS(우수에이엠에스)가 세계 4위 완성차 업체인 푸조시트로엥 그룹(PSA)과 자동차 부품 공급 계약을 체결하며 글로벌 자동차 부품 기업으로 도약하고 있다. 지난 7월 미...,2020.09.08 13:30,https://paxnetnews.com/articles/65060
"DST, '금산에코밸리' 조성사업 본격 추진된다",코스닥 상장사 DST의 청정 신재생 에너지 타운 조성이 본격화된다.  DST는 지난 3일 '금산 에코밸리 조성사업'과 관련한 민원을 원만히 해결하고 주민들과 상생협약을 체결했다고 8일 밝혔...,2020.09.08 12:10,https://paxnetnews.com/articles/65062
"화장품업체 엔에프씨, 코스닥 상장 재도전",화장품 소재기업 엔에프씨가 기업공개(IPO)에 나선다. 올 초 상장을 철회했던 엔에프씨가 재차 상장에 도전하면서 재무적투자자(FI)들도 투자금 회수에 대한 기대감을 키우게 됐다. 7일 투자...,2020.09.08 10:16,https://paxnetnews.com/articles/65039
명동 프리즘,코로나19 여파는 명동 기업자금시장에도 미치고 있다. 일단 거래 자체는 큰 문제가 없으나 기업 관련 정보를 수집하는 대면모임 자체가 감소한 것. 아무래도 민감한 정보의 경우 직접 만나 주고...,2020.09.08 08:58,https://paxnetnews.com/series/65019
투자매력분석,"콘텐츠 플랫폼 기업을 표방한 빅히트엔터테인먼트(이하 빅히트)가 상장을 앞두고 몸값(시가총액) 비교기업으로 연예 기획사 외에 네이버와 카카오 두 곳을 포함시켰다. 상장 주관사인 NH투자증권,...",2020.09.08 08:39,https://paxnetnews.com/series/64995
"선지급 제안받은 부실 사모펀드 투자자, '동의'할까?",상반기 사모펀드 환매 중단으로 문제를 빚었던 증권사들이 피해금액 보전을 위한 선지급 절차를 밟고 있다. 유동성이 부족한 일부 투자자들 사이에서는 판매사인 증권사가 제시한 동의안을 성급히 받...,2020.09.08 08:38,https://paxnetnews.com/articles/65025
"같은 펀드, 다른 보상...證, 사모펀드 해법 '중구난방'",라임 자산운용(이하 라임)의 환매 중단된 사모펀드 피해금액이 1조6000억원을 넘어섰다. 라임 펀드를 판매했던 증권사들은 도의적 책임을 다하기 위해 저마다 피해 보전방식을 내놓고 있다. 하...,2020.09.08 08:38,https://paxnetnews.com/articles/64964
공모주 열풍 시대,올해 공모주 전성시대가 열렸다. 상반기중 신종 코로나바이러스감염증(코로나19)으로 침체됐던 공모시장은 SK바이오팜의 상장을 계기로 부활에 성공했다. 빅히트엔터테인먼트 등 대어급 기업이 연내...,2020.09.08 08:37,https://paxnetnews.com/series/65032
"회사채 발행앞둔 삼척블루파워, 대규모 주관사단 구성",삼척블루파워(AA-)가 1000억원 회사채 발행을 앞두고 6곳의 주관사단을 구성했다. '포스파워'에서 이름을 바꾼 후 6개월만에 다시 나선 회사채 시장에서 흥행을 위한 행보다.  7일 투자...,2020.09.08 08:37,https://paxnetnews.com/articles/65027
Check! 내부거래,삼양패키징이 최근 삼양사로부터 공급받는 PET CHIP(페트칩) 물량을 대폭 축소한 것으로 나타났다. 재계 일각에서는 삼양그룹이 공정거래위원회(공정위) 지정 대기업집단에 포함될 즈음 양사간...,2020.09.08 08:24,https://paxnetnews.com/series/64983
"한국코퍼레이션, 임시주총서 경영권 이양 완료",한국코퍼레이션은 한국코퍼레이션 본사 8층에서 열린 임시 주주총회에서 신규 이사 선임 안건을 처리했다고 7일 밝혔다. 새 최대주주로 경영권이 이양된 한국코퍼레이션은 경영 정상화 및 거래 재개...,2020.09.07 15:56,https://paxnetnews.com/articles/65034
"소리바다 스테어, '태권트롯' 나태주 홍보모델 발탁",인기 프로그램 미스터트롯 출신 가수 겸 배우 나태주가 소리바다 패션 브랜드 '스테어'와 손을 잡았다. 소리바다는 '태권트롯'으로 유명한 가수 나태주를 자체 패션 브랜드 스테어의 광고 모델로...,2020.09.07 11:51,https://paxnetnews.com/articles/65016
기자수첩,'동학 개미 운동'은 그야말로 파죽지세다. 돈이 될만한 '알짜' 기업 주식에는 어김없이 개인투자자들의 뭉칫돈이 몰린다. 동학 개미들은 비상장 주식도 가리지 않고 투자한다. 이미 기업공개(I...,2020.09.07 08:32,https://paxnetnews.com/series/64857
투자매력분석,방탄소년단(BTS)이 빅히트엔터테인먼트(이하 빅히트)의 방시혁 대표에게 주식을 증여받으며 주식 부호로 이름을 올렸다. 다만 증여규모가 과세표준 상한선인 30억원을 넘어서는 만큼 증여 주식가...,2020.09.07 08:28,https://paxnetnews.com/series/64943
"신한금융, 최대 5000억 신종자본증권 발행 착수",신한금융지주가 최대 5000억원 규모의 상각형 조건부자본증권 신종자본증권 발행에 착수했다. 주관사단과 수요예측 일정 등을 확정하면서 이달 중순 조달을 마칠 예정이다. 신한금융지주는 이번 신...,2020.09.07 08:28,https://paxnetnews.com/articles/64986
"신세계, TK에 프리미엄 아울렛 연다","신세계사이먼이 경상북도 경산시에 대구 경북권 최초의 프리미엄 아울렛 사업을 추진한다. 신세계사이먼은 4일 경산시청에서 경상북도, 경산시 등과 함께 '경산 프리미엄 아울렛' 투자 협약을 체결...",2020.09.04 16:21,https://paxnetnews.com/articles/64990
"지드래곤 사는 나인원 한남, 내년 3월 조기 분양",디에스한남이 현 임차인을 대상으로 '나인원한남'의 양도 절차를 진행한다고 4일 밝혔다. 나인원한남은 한남대교 북단 한남대로변에 자리한 아파트다. 대신에프앤아이 자회사인 디에스한남이 민간임대...,2020.09.04 14:21,https://paxnetnews.com/articles/64973
"윙입푸드, 온라인 기업설명회 개최",중국 육가공식품업체 윙입푸드가 하반기에도 적극적 경영활동을 통한 주주가치 향상에 노력하겠다고 4일 밝혔다. 윙입푸드는 이날 온라인으로 열린 비대면 방식의 기업설명회(IR)를 통해 상반기 실...,2020.09.04 13:30,https://paxnetnews.com/articles/64971
"시노펙스, MB필터 제조 방법·장치 특허 등록",시노펙스가 멜트블로운(MB)필터 제조 관련 특허를 받았다. 시노펙스는 '관형필터를 MB 방식으로 제조하는 방법·장치-다층구조형성을 위한 제조방식'과 관련해 특허청으로부터 1일자로 특허권이 ...,2020.09.04 10:03,https://paxnetnews.com/articles/64960
투자매력분석,일반적으로 엔터테인먼트 기업의 성공은 소속 아이돌의 흥행과 직결된다. 유가증권 시장 상장을 준비 중인 빅히트 엔터테인먼트(빅히트) 역시 이런 공식에서 자유롭지 않다. 글로벌 아이돌 BTS를...,2020.09.04 08:40,https://paxnetnews.com/series/64794
'비슷하지만 다른' 한투證·NH證 옵티머스 해법,NH투자증권이 옵티머스자산운용(이하 옵티머스) 사태와 관련한 유동성 선지급안을 발표하며 피해원금의 최대 70%까지 금액을 지원하겠다고 밝혔지만 투자자들 사이에서 볼멘소리가 이어진다. 지난 ...,2020.09.04 08:38,https://paxnetnews.com/articles/64883
"삼성證, 2500억 회사채 발행 '선제적 유동성' 확보",삼성증권(AA+)이 올해 2월에 이어 7개월 만에 공모 회사채 발행을 위해 분주하다. 대내외 불확실성 확대와 저금리 기조가 이어진 상황에서 선제적인 유동성 확보를 위한 행보다. 3일 투자은...,2020.09.04 08:36,https://paxnetnews.com/articles/64885
"에이치엘비, 메디포럼제약 M&A 순탄할까",에이치엘비그룹이 메디포럼제약 인수·합병(M&A)에 나선 가운데 메디포럼제약의 기존 최대주주인 메디포럼이 M&A의 변수로 여겨지고 있다. 메디포럼이 메디포럼제약을 상대로 신주발행무효 소송을 ...,2020.09.04 08:36,https://paxnetnews.com/articles/64930
투자매력분석,빅히트엔터테인먼트(이하 빅히트)가 최근 가장 집중하는 영역은 지식재산권(IP) 사업이다. 세계 최정상급 가수로 올라선 방탄소년단(BTS)을 중심으로 소속 연예인(아티스트)의 이미지·캐릭터를...,2020.09.04 08:35,https://paxnetnews.com/series/64813
"한국거래소, 'KRX BBIG K-뉴딜지수' 선보인다",한국 경제의 패러다임 전환을 견인할 선도기업으로 구성된 'KRX BBIG K-뉴딜지수' 5종이 다음 주 발표된다.   한국거래소는 정부의 한국판 뉴딜 종합계획의 비전을 구체화하기 위해 오는...,2020.09.03 16:57,https://paxnetnews.com/articles/64940
"금융권, '한국판 뉴딜' 적극 동참 화답","금융권이 향후 5년간 총 170조원이 투자되는 한국판 뉴딜 프로젝트에 적극적 동참을 약속하고 있다.  은행연합회, 금융투자협회, 생명보험협회, 손해보험협회, 여신금융협회, 저축은행중앙회 등...",2020.09.03 16:24,https://paxnetnews.com/articles/64939
"유비벨록스, 현대車그룹 NFC카드키 공급 확대",스마트 카드 및 모바일 솔루션 전문기업 유비벨록스가 현대자동차에 스마트카드키 공급을 확대하고 있다고 3일 밝혔다.  유비벨록스가 공급하는 NFC카드키는 근거리 무선통신 기술이 적용된 스마트...,2020.09.03 11:01,https://paxnetnews.com/articles/64919
몰리는 '개미' 감당 못하는 키움證…MTS 사고 재발,키움증권 모바일 트레이딩 시스템(MTS)에서 또 다시 거래사고가 일어났다. 최근 액면분할된 테슬라 주식의 가격 변동을 인지하지 못하는 시스템상 허점 탓에 개인투자자의 주식이 강제로 매매되는...,2020.09.03 10:19,https://paxnetnews.com/articles/64914
"역대급 카카오게임즈 IPO 청약, '59조' 몰렸다",카카오게임즈가 일반 투자자 대상 청약에서 60조원에 육박하는 자금(증거금)을 끌어모으면서 역대 최대 규모 흥행을 기록했다. 청약 경쟁률은 1500대 1이 넘어선다. 높은 경쟁률 탓에 다수 ...,2020.09.03 10:14,https://paxnetnews.com/articles/64906
투자매력분석,빅히트엔터테인먼트(이하 빅히트)가 기업공개(IPO)를 앞두고 기업 최대 자산이자 대표 아티스트(연예인)인 방탄소년단(BTS)에게 회사 주식을 배분하는 결정을 단행했다. BTS와의 관계가 단...,2020.09.03 09:55,https://paxnetnews.com/series/64903
투자매력분석,유가증권시장 입성을 추진 중인 빅히트엔터테인먼트(빅히트)의 가장 큰 무기는 단연 BTS다. 신종 코로나바이러스감염증(코로나19)에도 전세계 시장에서 굳건한 인기를 보이며 최대 수익원으로 역...,2020.09.03 09:22,https://paxnetnews.com/series/64678
데스크칼럼,"'배상이냐, 보상이냐'  부실 사모펀드 후폭풍에 휩싸인 국내 금융투자업계의 딜레마다.   배상과 보상은 모두 발생한 손실을 갚아주는 행위다. 다만 발생 피해를 정당화한다는 점은 같지만 원인...",2020.09.03 08:51,https://paxnetnews.com/series/64758
"키스톤PE, KMH 2대주주 등극",사모투자펀드(PEF) 운용사 키스톤프라이빗에쿼티(이하 키스톤PE)가 코스닥 상장사 KMH의 2대주주로 올라섰다. 조만간 KMH 경영진에 주주제안 등 적극적인 주주행위에 나설 것으로 전망된다...,2020.09.03 08:43,https://paxnetnews.com/articles/64897
카카오게임즈 청약대박에 中텐센트 '조용한 미소',하반기 기업공개(IPO) 시장 기대주로 주목받는 카카오게임즈가 공모 청약 초대박 흥행돌풍을 일으키면서 중국 거대 게임사 텐센트가 조용히 미소 짓고 있다.  텐센트는 넷마블과 함께 카카오게임...,2020.09.02 12:55,https://paxnetnews.com/articles/64874
뉴스모음,부동산 시장 컨트롤타워 '부동산거래분석원' 만든다 [주요언론] 정부가 부동산 시장을 전방위적으로 조사해 불공정 행위와 투기를 뿌리 뽑기 위한 부동산거래분석원을 출범시킬 예정이다. 홍남기 부...,2020.09.02 11:16,https://paxnetnews.com/series/64867
"미래에셋대우, 해외종목 실시간 시세 무료 확인한다",미래에셋대우가 국내 해외주식 투자자를 위해 미국·일본 등 주요 국가의 개별종목 실시간 시세 확인 서비스를 무료로 제공한다고 2일 밝혔다. 실시간 시세를 무료로 이용할 수 있는 대상은 미국(...,2020.09.02 11:14,https://paxnetnews.com/articles/64866
"FDA, 한미약품 항암신약 '오락솔' 우선심사 지정","한미약품이 개발한 경구용 항암신약 '오락솔'의 시판허가를 위한 미국 식품의약국(FDA) 허가 심사가 본격화한다.  한미약품 파트너사 아테넥스는 1일(미국 현지시각) ""FDA가 오락솔의 전이...",2020.09.02 08:48,https://paxnetnews.com/articles/64859
"추석에 코로나까지…9월 크레딧시장, 약세 가능성↑",9월 크레딧 시장이 약세 가능성을 보이고 있다. 이달 만기 예정인 크레딧물 규모가 올해 두 번째로 많은데다 3분기 말 추석 연휴도 예정돼 있어 채권수급 부담이 가중될 전망이다. 최근 코로나...,2020.09.02 08:35,https://paxnetnews.com/articles/64827
투자매력분석,빅히트엔터테인먼트(이하 빅히트)가 오는 10월 유가증권시장(코스피) 상장을 목표로 기업공개(IPO)를 시작한다. 시장에서 추정되는 기업가치는 최대 6조원대에 이른다. 빅히트가 '콘텐츠 플랫...,2020.09.02 08:34,https://paxnetnews.com/series/64656
"'역대 최대 IPO 흥행' 카카오게임즈, '따상' 가능성은?",카카오게임즈가 기업공개(IPO) 수요예측에서 역대 최대 청약 경쟁률을 기록했다. 하지만 상장 당일 SK바이오팜과 같은 일명 '따상(공모가 2배로 시초가 형성 후 상한가 기록)' 현상이 일어...,2020.09.02 08:34,https://paxnetnews.com/articles/64797
"저신용 채권 투자한 SPV, A급 채권·CP 볕들까",기업유동성지원기구(SPV)가 설립 이후 투자 비중의 상당부분을 저신용 채권에 투자한 것으로 나타나며 A급 이하 채권시장에 마중물이 될 것으로 전망된다. A급 이하 공모채를 찾아보기 힘든 가...,2020.09.02 08:34,https://paxnetnews.com/articles/64840
공모주 바람 타고…성장성 특례 상장 부활 움직임,지난해 부진을 면치 못하던 성장성 특례 상장제도가 올해 몰라보게 달라졌다. 공모주 청약 열풍에 힘입어 높은 경쟁률을 기록하면서 투심을 끌어 모은 것이다. 이에 성장성 특례를 활용한 상장이 ...,2020.09.02 08:33,https://paxnetnews.com/articles/64839
"쌍용양회, 우선주 전량·보통주 10대 1 감자한다",시멘트 제조사 쌍용양회공업(이하 쌍용양회)이 현재 발행돼 있는 우선주 전량을 매입해 소각한다. 이와 동시에 1000원인 보통주의 액면가는 100원으로 줄이는 무상감자를 단행한다. 쌍용양회 ...,2020.09.01 14:43,https://paxnetnews.com/articles/64832
"카페24·페이스북 웨비나, 1800명 모이며 성료","글로벌 전자상거래 플랫폼 카페24와 페이스북이 공동 주최한 '페이스북을 통한 이커머스 성공 전략' 웨비나(Webinar, Web+Seminar)가 성황리에 마쳤다. 카페24는 페이스북 아시...",2020.09.01 14:41,https://paxnetnews.com/articles/64831
"에이치엘비, 시가보다 싸게 메디포럼제약 인수","에이치엘비생명과학과 진양곤 에이치엘비(HLB) 회장, 조용준 동구바이오제약 대표가 시가보다 30% 이상 낮은 가격에 코스닥 상장사 메디포럼제약의 지분을 취득한다. 주가가 낮았을 때 가격이 ...",2020.09.01 11:39,https://paxnetnews.com/articles/64816
"에이치엘비그룹, 메디포럼제약 인수한다",에이치엘비(HLB)그룹에서 코스닥 상장사 메디포럼제약 인수에 나선다. 에이치엘비그룹이 메디포럼제약의 신주와 전환사채(CB) 등을 인수해 기존 최대주주인 메디포럼을 제치고 새 최대주주가 될 ...,2020.09.01 10:08,https://paxnetnews.com/articles/64807
"마이크로텍, 영업익 흑자전환 성공","코스닥 상장사 마이크로텍이 지난해 흑자전환에 성공했다. 1일 금융감독원 전자공시시스템에 따르면 6월 결산법인인 마이크로텍은 2019년 연결재무제표 기준 매출액 578억, 영업이익 4억930...",2020.09.01 10:06,https://paxnetnews.com/articles/64803
"대신證, 디지털 전환 사활…新 성장동력 확보","대신증권이 디지털금융 전환에 사활을 걸고 있다. 새로운 성장동력을 확보하겠다는 의도로 보인다. 최근 대신증권은 인공지능(AI), 빅데이터 분석 등 4차산업혁명으로 분류되는 정보통신기술의 적...",2020.09.01 09:12,https://paxnetnews.com/articles/64801
CEO가 뛴다,문종석 CJ프레시웨이 대표( 사진 )가 내년 사상 최대 실적 갱신에 남다른 의욕을 보이고 있다. 올해는 코로나19로 인해 성장세가 꺾였지만 '포스트 코로나' 시대에선 그동안 벌여 온 대규모...,2020.09.01 08:39,https://paxnetnews.com/series/64747
"SK디스커버리, 3년만에 공모채 발행 착수",SK디스커버리가 지주사 설립 이후 처음으로 공모 회사채 발행에 나선다. A급 발행사인 SK디스커버리 수요예측에 기업유동성지원기구(SPV)가 참여할지도 주목된다. 31일 금융투자업계에 따르면...,2020.09.01 08:27,https://paxnetnews.com/articles/64787
엔에프씨 예심 청구…5개월만에 IPO 재도전,화장품 소재 기업 엔에프씨가 상장 예비심사를 청구했다. 지난 3월 신종 코로나바이러스 감염증(코로나19) 여파로 기업공개(IPO)를 철회한 지 5개월만이다. 국내 증시가 다시 상승장으로 돌...,2020.09.01 08:24,https://paxnetnews.com/articles/64752
"성도경 비나텍 대표 ""9월 코스닥 상장 목표""",차세대 에너지 저장장치로 각광받는 슈퍼커패시터를 주력으로 양산하는 비나텍이 기업공개(IPO) 출사표를 던졌다. 최근 슈퍼커패시터가 미래산업으로 꼽히는 전기자동차(EV)용 2차전지의 보완재로...,2020.08.31 16:36,https://paxnetnews.com/articles/64786
"나재철 회장 ""당국 사모펀드 처리, 시장위축 우려""",나재철 금융투자협회장이 금융당국의 사모펀드 관련 사태 처리에 대해 우려감을 드러냈다. 판매사에게 과도한 책임을 지우는 것은 사모펀드 시장 자체를 위축시킬 수 있다는 지적이다. 나재철 금융투...,2020.08.31 14:45,https://paxnetnews.com/articles/64781
"대우조선해양건설·동국제강, 수리조선소사업 '맞손'",대우조선해양건설이 동국제강과 함께 고성 수리조선소 사업에 나선다.  종합중견 건설사 대우조선해양건설은 철강 제조기업인 동국제강과 손 잡고 경남 수리조선소 사업을 추진할 계획이라고 31일 밝...,2020.08.31 14:17,https://paxnetnews.com/articles/64780
"에이티세미콘, 바이오·유통사업 '시동'",반도체 패키징업체인 에이티세미콘이 나노 기술사업체와 손잡고 제약·바이오 사업에 뛰어든다.  에이티세미콘은 나노기술 업체인 에이펙셀과 합작법인 에이펙셀생명과학을 설립키로 했다고 31일 밝혔다...,2020.08.31 13:51,https://paxnetnews.com/articles/64777
"문종석 CJ프레시웨이 대표 ""수익구조 혁신에 집중""",CJ프레시웨이는 내달 1일 창립 20주년을 맞아 지난 28일 서울 상암동 본사 사옥에서 창립기념식을 가졌다고 31일 밝혔다.  문종석 대표( 사진 )는 이날 기념식에서 코로나19로 인한 위...,2020.08.31 12:36,https://paxnetnews.com/articles/64771
카카오게임즈 공모가 2만4000원 결정,카카오게임즈가 수요예측에서 국내 기업공개(IPO) 사상 최고 경쟁률을 기록했다. 카카오게임즈는 지난 26일부터 이틀간 진행한 국내 및 해외 기관 투자자 대상 수요예측 결과 경쟁률 1479대...,2020.08.31 10:26,https://paxnetnews.com/articles/64764
특징주,우리들휴브레인이 바이오 기업 인수합병(M&A) 기대 속에 급등하고 있다.  31일 9시40분 현재 우리들휴브레인은 전거래일 대비 6.25% 오른 6120원에 거래중이다.  우리들휴브레인은 ...,2020.08.31 09:41,https://paxnetnews.com/series/64757
"삼양사, 수직계열화 빛 보나...이노켐 결손 해소",페놀류 화합물 비스페놀A(BPA) 생산업체인 삼양이노켐이 순이익 기조를 이어가며 완전자본잠식에서 벗어날 준비를 하고 있다. 28일 삼양홀딩스에 따르면 삼양이노켐은 지난 2016년 391억원...,2020.08.31 08:32,https://paxnetnews.com/articles/64701
해태빙과 깜짝 흑자...빙그레·해태 '빅딜' 윈-윈 기대,만성적자에 시달렸던 해태아이스크림(옛 해태제과 빙과부문)이 간만에 흑자전환에 성공했다. 지난 3월 해태제과-빙그레 간 1400억원 규모의 '빙과 빅딜'로 빙그레의 기대감도 커지는 모습이다....,2020.08.31 08:32,https://paxnetnews.com/articles/64687
"9월 만기 회사채 6.2조, 10년새 월간 최대",8월 들어 회사채 시장 분위기가 호전된 가운데 오는 9월 만기가 도래하는 회사채가 최근 10년간 가장 큰 규모로 예정됐다. 평균치의 2배 이상의 만기채가 몰리면서 회사채 공급이 늘어나 수급...,2020.08.31 08:30,https://paxnetnews.com/articles/64737
"코닉글로리, 경영권 분쟁 재점화되나",코스닥 상장사 코닉글로리가 다시 한 번 경영권 분쟁에 휘말릴 가능성에 놓였다. 연초부터 지속된 분쟁을 마무리 짓고 중국 기업이 최대주주로 올라선 직후의 일이다. 28일 금융투자(IB) 업계...,2020.08.28 17:12,https://paxnetnews.com/articles/64746
"이오플로우 ""글로벌 웨어러블 약물전달 솔루션 기업 도약""",코스닥 상장을 앞둔 이오플로우가 공모를 통해 모인 자금 대부분을 신제품 개발 및 생산에 활용하겠다는 계획을 밝혔다. 이를 통해 세계적으로 주목 받는 의료기기 회사로 도약할 것이란 기대다. ...,2020.08.28 16:21,https://paxnetnews.com/articles/64739
"공매도 금지, 내년 3월까지 6개월간 재연장",금융당국이 '공매도 금지' 조치를 내년 3월까지 6개월간 연장하기로 결정했다. 개인 투자자에게 불리한 공모주 배정방식 개선 등 추가 대책도 마련하기로 했다. 은성수 금융위원장은 지난 27일...,2020.08.28 14:29,https://paxnetnews.com/articles/64729
"윙입푸드, 상반기 수익성 악화···개발·마케팅비 증가",코스닥 상장사 윙입푸드가 올해 상반기에 전년 동기대비 9% 증가한 매출액을 올렸지만 오히려 영업이익과 순이익 감소를 겪었다. 이에 대해 윙입푸드는 신제품 개발 비용과 마케팅비 증가에 따른 ...,2020.08.28 11:03,https://paxnetnews.com/articles/64712
"미래에셋대우, '해외주식 파워종목 검색' 서비스 출시","미래에셋대우는 국내 증권사 최초로 미국, 중국, 홍콩, 한국을 포함한 4개국, 8개 거래소에 대한 해외주식 파워종목검색 서비스를 제공한다고 28일 밝혔다. '해외주식 파워종목 검색 서비스'...",2020.08.28 10:28,https://paxnetnews.com/articles/64713
"신주 상장 앞둔 현대로템, 주가하락 '어쩌나'",현대로템이 전환사채(CB) 잔량에 대해 콜옵션을 행사하며 부채비율을 낮췄다. CB 투자자들에게도 상당한 안겨줬다. 하지만 신주 상장을 앞두고 주가이 이뤄지며 기존 주주들의 고심이 깊어지고 ...,2020.08.28 08:41,https://paxnetnews.com/articles/64702
"'라임 무역펀드 전액배상', 최선의 선택될까?",라임자산운용(이하 라임) 무역금융펀드 판매사들이 결국 금융감독원 분쟁조정위원회(이하 금감원 분조위)가 제시한 '투자원금 100% 배상' 조정안을 수락했다. 금융 분쟁조정 역사상 판매사가 펀...,2020.08.27 19:14,https://paxnetnews.com/articles/64693
라임 무역펀드 판매사 '전액 배상' 수용,라임 무역펀드 판매사들은 금융감독원의 분쟁조정안을 수용하는 것으로 가닥을 잡았다. 앞서 신한금융투자가 분쟁조정안을 수용하는 입장을 내놓으며 관련 판매사 모두가 전액 배상안을 수용한 것이다....,2020.08.27 18:41,https://paxnetnews.com/articles/64703
"한화갤러리아타임월드BW, 마이너스 금리 거래···왜?",한화갤러리아타임월드의 채권이 지난 26일 장중 '마이너스 수익률'로 거래됐다. 국내에서 보기 어려운 현상이다. 만기상환금액보다 높은 가격에 채권을 매입해 마이너스 수익률을 기록한 것. 이날...,2020.08.27 15:57,https://paxnetnews.com/articles/64648
"NH證, '옵티머스' 피해자 '유동성 선지원' 결정",옵티머스자산운용 펀드의 최대 판매사인 NH투자증권이 피해 고객에 대한 투자금 유동성 공급을 결정했다. 3억원 이하 투자자들은 원금의 최대 70%까지 유동성을 선지원 받을 수 있게 될 예정이...,2020.08.27 11:31,https://paxnetnews.com/articles/64672
"롯데지주, 회사채 수요예측에 모집액 5배 뭉칫돈",롯데지주(AA0)가 회사채 발행을 위해 실시한 수요예측에서 모집액의 5배가 넘는 자금을 끌어모았다. 27일 금융투자업계에 따르면 롯데지주는 전일 1500억원의 회사채를 발행하기 위한 수요예...,2020.08.27 11:01,https://paxnetnews.com/articles/64668
코로나에도 이스트스프링 美투자적격 회사채펀드 '주목',신종 코로나바이러스 감염증(코로나19) 여파로 경기침체 우려가 커지는 가운데 현대차증권의 '이스트스프링 미국투자적격 회사채 펀드'가 안정적 투자 대안으로 주목받고 있다. 편입종목수만 400...,2020.08.27 10:04,https://paxnetnews.com/articles/64663
"시노펙스, FPCB 사업 관련 베트남 현지 공장 인수",시노펙스가 베트남 현지 신규 공장을 인수해 연성회로기판(FPCB) 사업 고도화와 다각화를 추진한다.  시노펙스는 지난 26일 베트남 박닌성 옌퐁현에 위치한 옛 플렉스컴 1공장에 대해 우리은...,2020.08.27 09:09,https://paxnetnews.com/articles/64660
"유테크, 대기업 온라인 전용몰 진출",프리미엄 마스크 시장에 진출한 코스닥 상장사 유테크가 국내 대기업 온라인 전용몰 시장으로 진출한다.  유테크는 27일 국내 유통기업 세이브에스엠과 함께 신한카드 신한페이판(PayFAN) 등...,2020.08.27 08:29,https://paxnetnews.com/articles/64658
"삼성重, 실적 악화 속 5번째 사모채 발행",삼성중공업이 올해 다섯 번째 사모채를 발행한다. 지난 2015년을 마지막으로 공모채 시장을 떠난 삼성중공업은 사모채와 장기 CP(기업어음) 등 전방위 방법을 동원하며 자금 조달에 나서고 있...,2020.08.27 08:25,https://paxnetnews.com/articles/64643
"하나금투의 1호 성장성 특례 상장, 성공할까?",하나금융투자가 웨어러블 인슐린 펌프 업체 이오플로우로 창사 이래 첫번째 성장성 특례 상장을 추진한다. 독자적 기술력을 갖춘 만큼 기술특례 상장도 가능하지만 충분한 성장성 담보로 환매청구권(...,2020.08.27 08:24,https://paxnetnews.com/articles/64590
"넥스틴, IPO 앞두고 주관사 교체 이유는?",반도체 검사장비업체 넥스틴이 올해 기술특례 상장을 추진하면서 상장 주관사를 한국투자증권에서 KB증권으로 교체하는 승부수를 던졌다. 한국투자증권이 비(非) 바이오기업의 기술특례 상장에 대해 ...,2020.08.27 08:24,https://paxnetnews.com/articles/64646
"현대건설, 회사채 수요예측 8500억 모집 성공",현대건설이 회사채 발행을 위해 실시한 수요예측에서 목표액의 4배가 넘는 수요를 확보하면서 흥행을 거뒀다. 현대건설은 전일 2000억원 회사채 발행을 위해 수요예측을 실시했다. 수요예측 결과...,2020.08.27 08:23,https://paxnetnews.com/articles/64621
"카카오게임즈, 하반기 '따상 신화' 이어갈까",하반기 기업공개(IPO) 최대어로 꼽히는 카카오게임즈가 본격적인 공모 절차에 돌입하면서 SK바이오팜의 따상(상장 첫날 공모가 두 배 가격에 시초가 형성 후 상한가) 신화를 이어갈 수 있을지...,2020.08.26 13:37,https://paxnetnews.com/articles/64630
"TS인베스트, 메디프론에 재투자 '200억 CB 인수'","신약개발 바이오기업 메디프론이 국내 자본시장에서 대규모 투자를 유치했다. 메디프론은 지난 3월부터 시작한 자금조달 작업을 통해 약 400억원에 가까운 자금을 모았다. 메디프론은 신약개발, ...",2020.08.26 13:13,https://paxnetnews.com/articles/64626
"웰바이오텍, 클린룸 공조기업 금영이엔지 인수","웰바이오텍이 클린룸 사업에 뛰어든다. 클린룸은 반도체, 2차전지 등 전방산업의 수요 증가로 빠르게 성장하고 있는 시장이다. 웰바이오텍은 클린룸 및 드라이룸 공조설비 전문기업 금영이엔지 지분...",2020.08.26 09:51,https://paxnetnews.com/articles/64612
"SK건설의 EMC 인수, IPO 포석되나","SK건설이 1조원 초반대의 종합환경플랫폼 EMC홀딩스를 인수하면서 업계에서는 상장 가능성이 한층 높아졌다는 반응이 나오고 있다. 수처리, 폐기물 처리사업을 추가하면서 기업가치가 늘어날 것이...",2020.08.26 08:35,https://paxnetnews.com/articles/64573
"코로나 재확산, 대규모 신용등급 하락 이어질까?",코로나19 감염자 속도가 빠르게 늘며 하반기 크레딧 시장 내 대규모 신용등급 하락 우려가 심화되고 있다. 지난 상반기 다수 기업이 신용등급 하향을 경고하는 부정적 검토(워치리스트)를 받은 ...,2020.08.26 08:35,https://paxnetnews.com/articles/64594
"IPO 속도내는 넥스틴, 이달중 증권신고서 제출",반도체 웨이퍼(기판) 검사 장비업체 넥스틴이 8월 중 증권신고서를 제출하고 기업공개(IPO)에 본격 나선다. 국내외 수주가 늘면서 회사 규모가 급속히 커지는 만큼 필요한 운영자금을 적기에 ...,2020.08.26 08:30,https://paxnetnews.com/articles/64597
명동 프리즘,명동 기업자금시장 관계자들은 금융감독원의 '전문사모운용사 전담검사단' 활동과 관련해 3년이라는 조사기간에 회의적인 반응을 보인다. 사모펀드 운용사와 P2P 대출업체에 대한 경고등이 오래 전...,2020.08.26 08:28,https://paxnetnews.com/series/64540
롯데에 무슨 일이,"재계 일각은 롯데그룹 위기의 시발점을 지난 2017년 사드(THAAD·고고도미사일방어체계) 부지 제공에 따른 중국에서의 보복으로 보기도 하지만, 엄밀히 따지면 2015년 경영권 분쟁으로 거...",2020.08.26 08:28,https://paxnetnews.com/series/64513
"신용도 악화된 SK이노, 3000억 회사채 발행 추진",SK이노베이션이 2년만에 공모 회사채 발행을 추진하고 있다. 만기가 도래하는 회사채가 없는 상황에서 발행규모가 최소 3000억원으로 예정된 만큼 운영자금 확보에 나선 것으로 풀이된다. 25...,2020.08.26 08:25,https://paxnetnews.com/articles/64588
"'부실 라임펀드 판매' 산은, 분쟁 해소 '임박'","라임펀드의 환매 중단으로 투자자와 갈등을 겪었던 KDB산업은행이 분쟁 대부분을 마무리했다.  산은은 환매중단된 '라임레포플러스사모KD-1호'의 투자자 26명(개인 25명, 법인 1개사)중 ...",2020.08.25 14:42,https://paxnetnews.com/articles/64582
"카페24, 페이스북과 글로벌 마케팅 성공전략 공개","전자상거래 플랫폼 카페24는 다음달 1일 오후 2시 '페이스북을 통한 이커머스 성공 전략'을 주제로 웨비나(Webinar, Web+Seminar)를 개최한다고 25일 밝혔다. 이번 웨비나에...",2020.08.25 08:53,https://paxnetnews.com/articles/64557
"SPV 가동 중인 채권시장…""코로나 걱정 없다""",코로나19 감염자 속도가 빠르게 늘며 국내 경제가 또 한 번 긴장하고 있다. 코로나19가 본격적으로 퍼졌던 지난 1분기 공포에 따른 투매현상(패닉셀) 현상이 발생하며 시장은 충격을 받았다....,2020.08.25 08:43,https://paxnetnews.com/articles/64545
"분주한 동학개미 덕본 키움證, 하반기에도 웃을까","신종 코로나바이러스감염증(코로나19) 재확산 우려가 커지면서 개인투자자들이 증시 버팀목 역할을 이어가고 있다. 매도세를 보인 외국인, 기관과 달리 개인들이 대규모로 주식을 사들였기 때문이다...",2020.08.25 08:42,https://paxnetnews.com/articles/64541
"차바이오텍 '차백신연구소', IPO 주관사에 삼성證",차바이오텍 계열사 차백신연구소가 상장 대표주관사로 삼성증권을 낙점했다. 2021년 코스닥 입성에 나서겠다는 목표다.  24일 투자은행(IB) 업계에 따르면 차백신연구소는 최근 삼성증권과 상...,2020.08.25 08:42,https://paxnetnews.com/articles/64546
"'IPO 추진' 블루포인트, 긍정적 '몸값' 기대 이유는?",창업기획사(엑셀러레이터·AC)로는 처음 기업공개(IPO)에 나서는 블루포인트파트너스(이하 블루포인트)의 경쟁력은 안정적 벤처기업 육성 시스템과 신속한 투자 회수 및 재투자 전략에서 찾을 수...,2020.08.25 08:41,https://paxnetnews.com/articles/64509
"LG유니참, 'No재팬' 피하는 법 '눈길'",LG유니참이 장기화되고 있는 '노재팬 운동'의 영향을 거의 받지 않고 있는 것으로 나타났다. LG유니참은 일본 유니참(지분 51%)과 LG생활건강(49%)이 합작 설립된 곳으로 여성용품 '...,2020.08.25 08:38,https://paxnetnews.com/articles/64510
"위기의 신라젠, '원톱 체제'로 전략 수정","신라젠이 당초 계획된 공동대표가 아닌 단독대표 체제를 가게 된다. 신라젠 관계자는 24일 ""경영지배인인 주상은 부사장과 이권희 전무 중 내달 7일 임시 주주총회에서 주 부사장만을 등기임원(...",2020.08.25 08:14,https://paxnetnews.com/articles/64525
"윙입푸드, 1공장 재건축 결정…생산·관리능력 확대",윙입푸드가 생산능력 확대와 제품 최적화를 목적으로 1공장 재건축 공사를 결정했다고 24일 밝혔다. 이번 공사로 1공장 연면적은 1만5000m²로 확대된다. 약 1억위원의 자금을 투입하며 공...,2020.08.24 16:34,https://paxnetnews.com/articles/64547
"쎌마테라퓨틱스, 국내외 CRO업체와 계약 체결","쎌마테라퓨틱스(이하 쎌마)는 코로나19 치료제 글로벌 3상 진행을 위해 유럽 임상시험수탁기관(CRO, Contract Research Organization) 업체인 OPIS와 국내 기관 ...",2020.08.24 10:30,https://paxnetnews.com/articles/64520
"웹케시, 패스트파이브 입주기업에 경리나라 보급",핀테크 기업 웹케시는 오피스 플랫폼 기업 패스트파이브와 경리 업무 자동화를 위한 업무 협약을 체결했다고 24일 밝혔다. 이번 협약은 패스트파이브의 입주 기업을 대상으로 경리나라 솔루션을 공...,2020.08.24 09:40,https://paxnetnews.com/articles/64517
"엑셀러레이트 첫 IPO 블루포인트, 전망 엇갈려",창업기획사(엑셀러레이터·AC) 블루포인트파트너스(이하 블루포인트)가 업계 최초로 기업공개(IPO)를 추진하며 시장의 관심이 모아진다. 상장시장에서는 낯선 엑셀러레이터인데다 앞서 상장했던 투...,2020.08.24 08:34,https://paxnetnews.com/articles/64401
"롯데글로벌로지스, CP 1400억 발행 나선다",롯데글로벌로지스가 현대로지스틱스에서 사명을 변경한 이후로는 처음으로 기업어음(CP) 시장에 등장한다. 2년물 이상의 장기 CP로 구성돼 사실상 회사채 발행을 대체하는 수단으로 보인다. 20...,2020.08.24 08:34,https://paxnetnews.com/articles/64413
메리츠證 IPO 시장 복귀 가능성은,메리츠증권이 제이알글로벌리츠의 상장을 주관하며 10년 만에 기업공개(IPO) 시장에 모습을 드러냈다. 이를 계기로 메리츠증권이 IPO 주관 업무에 복귀하는 것은 아닌지 업계 관심이 모이고 ...,2020.08.24 08:33,https://paxnetnews.com/articles/64497
"대신證, 라임·종부세 털고간다...3분기 반등기대",대신증권이 2분기 적자를 기록했다. 국내 10개 대형 증권사(자기자본순) 중 나홀로 적자다. 사모펀드 관련 보상과 부동산세로 2분기에만 938억원의 관련 지출이 발생했다. 대신증권은 일회성...,2020.08.24 08:33,https://paxnetnews.com/articles/64498
"롯데하이마트, 실적반등 비결 '효율 극대화'",롯데하이마트가 효율경영 덕을 톡톡히 봤다. 매출은 다소 줄었지만 비용절감 노력으로 이익이 개선됐고 재고를 빠르게 털어낸 결과 영업활동현금흐름도 크게 늘어났다. 20일 금융감독원 전자공시시스...,2020.08.24 08:31,https://paxnetnews.com/articles/64458
"""성장성 보다 안정성""…현대차證 신용등급 전망↑","나이스신용평가(이하 나신평)가 현대차증권(A+)의 신용등급 전망을 '안정적'에서 '긍정적'으로 조정했다. '코로나19' 시국임에도 상반기 양호한 실적을 유지했고, 우발채무와 파생결합증권(E...",2020.08.21 13:39,https://paxnetnews.com/articles/64485
"금감원, 라임판매사 전액배상 거부시 투자자 소송 지원","우리은행과 하나은행, 신한금융투자, 미래에셋대우 등 라임 무역펀드 판매사들이 투자자에 전액 배상 여부를 다음 주 결정하는 가운데, 금융감독원은 이들 판매사가 전액 배상하지 않으면 관련 투자...",2020.08.21 08:39,https://paxnetnews.com/articles/64387
카카오게임즈 설명회 '언택트' 전환에도 개별미팅 지속,카카오게임즈가 최근 기업공개(IPO)를 앞두고 진행 중인 기관 투자설명회(DR)를 비대면 방식으로 전격 전환했다. 국내 신종 코로나바이러스 감염증(코로나19) 확산세가 재차 커진 데 따른 ...,2020.08.21 08:35,https://paxnetnews.com/articles/64441
"대주주 지분 강화한 유테크, 하반기 턴어라운드 기대",코스닥 상장사 유테크가 경영권 분쟁 해소 등에 힙입어 올해 하반기 실적 개선과 기업 정상화를 기대하고 있다.  21일 유테크는 하반기부터 주력이던 전자부품 제조 사업부문의 영업이 정상화되고...,2020.08.21 08:30,https://paxnetnews.com/articles/64469
깐깐해진 금감원…제약·바이오 IPO 훈풍 꺽일까,신종 코로나바이러스감염증(코로나19)의 수혜 업종으로 잇따라 기업공개(IPO)에 나서던 제약·바이오 업계가 난항에 빠졌다. 상장 과열 현상을 우려한 금융감독원이 제약·바이오기업이 제출한 증...,2020.08.21 08:30,https://paxnetnews.com/articles/64451
"수제맥주 첫 상장사 임박···제주맥주, IPO 추진","수제맥주 제조 스타트업 '제주맥주'가 코스닥 상장을 추진한다. 제주맥주가 상장에 성공한다면 국내 수제맥주 업체 중 첫 증시 입성 사례로 기록될 전망이다.  20일 투자 업계에 따르면, 제주...",2020.08.21 08:30,https://paxnetnews.com/articles/64395
"진라면만 저성장?...오뚜기, 닐슨 통계에 ""유감""",오뚜기가 최근 시장조사기관으로부터 집계된 각 사별 라면 매출성장률 자료에 대해 불편한 심기를 내비쳤다. 집계 방식이 자사에 불리했기 때문에 나홀로 성장이 저하된 것처럼 보인다는 것이다. 2...,2020.08.21 08:21,https://paxnetnews.com/articles/64447
"관세청, 면세품 재고판매 연장 해줄까...""검토 중""",면세업계가 10월 말까지 한시적으로 허용한 재고 면세품 판매 기간 연장을 희망하고 있다. 재고품 판매가 코로나19 여파로 고꾸라진 실적을 만회하는 데 일부 도움이 됐가 때문이다. 여기에 재...,2020.08.21 08:20,https://paxnetnews.com/articles/64344
폰 부품사 환골탈태,지난해 폴더블 스마트폰 등장에 힘입어 흑자전환에 성공한 KH바텍이 올 하반기 실적 개선에 본격 나선다. 삼성전자가 다음달 공개할 '갤럭시Z폴드2' 흥행 여부가 최대 관전 포인트다. 업계에선...,2020.08.21 06:30,https://paxnetnews.com/series/63765
"AUM 840억 '화이인베스트먼트', 공개매각 된다","코스닥 상장사 스튜디오산타클로스(옛 화이브라더스코리아, 이하 산타클로스)가 자회사 매각을 통해 재무구조 개선에 나선다.  산타클로스는 삼일회계법인과 자회사인 화이인베스트먼트의 공개매각을 위...",2020.08.20 16:50,https://paxnetnews.com/articles/64422
상반기 고액연봉 미래에셋·메리츠證 '싹쓸이',올해 상반기 증권업계가 순항한 가운데 미래에셋대우와 메리츠증권의 임원들이 고액 연봉 상위권을 휩쓴 것으로 나타났다. 올해 자기자본 10조 돌파를 눈앞에 둔 미래에셋대우의 여전한 선전속에 메...,2020.08.20 14:48,https://paxnetnews.com/articles/64392
"회사채 공모나선 LG이노텍, 수급 불균형 덕분 '톡톡'",LG이노텍(AA-)이 1300억원 회사채 발행에서 1조4000억원이 넘는 수요를 모으며 흥행에 성공했다. 투심을 성공적으로 이끈 배경에는 ▲2분기 매출상승 ▲적극적인 투자설명(IR) ▲회사...,2020.08.20 14:45,https://paxnetnews.com/articles/64421
"카페24, 비대면 창업 수요증가에 IT 인프라 강화",글로벌 전자상거래 플랫폼 카페24가 최근 코로나19 여파로 비대면 서비스 창업이 늘어남에 따라 자사의 네트워크 인프라를 강화했다고 20일 밝혔다. 카페24는 기존 사용하고 있던 360Gbp...,2020.08.20 09:01,https://paxnetnews.com/articles/64408
"상장 재도전 압타머사이언스, 높인 몸값 적정한가",올해 초 상장 추진을 철회했던 압타머사이언스가 재도전에 나서며 시장의 관심을 모으고 있다. 한차례 부침을 겪었음에도 앞서 상장 철회 당시 제시했던 몸값을 높여 재도전에 나서고 있기 때문이다...,2020.08.20 08:30,https://paxnetnews.com/articles/64382
"'부정적' 딱지 단 한온시스템, 3000억 조달 성공할까?",한온시스템이 1년만에 회사채 시장에 복귀하며 3000억원 이상의 현금 확보에 나섰다. 코로나19의 여파로 실적이 악화됐고 영업환경도 우호적이지 않자 선제적인 유동성에 나선 것으로 보인다. ...,2020.08.20 08:30,https://paxnetnews.com/articles/64393
"락앤락, 제니퍼룸 인수대금 일부 자사주로 활용",락앤락이 최근 매입한 자사주를 인수합병(M&A) 재원으로 쓰기로 결정했다. 락앤락은 19일 이사회를 열고 이엠케이네트웍스 및 그의 계열사가 운영하는 '제니퍼룸' 인수가액 145억원 가운데 ...,2020.08.19 16:53,https://paxnetnews.com/articles/64396
코로나19 직격탄 맞은 코스닥…'양극화 ' 뚜렷,올해 상반기 코스닥 시장도 코로나19 영향에 울고 웃었다. 직접적 영향이 이어진 숙박·음식업종의 매출액과 이익이 크게 감소했다. 반면 확대된 비대면 서비스의 수혜를 입은 업종은 전년 동기를...,2020.08.19 14:22,https://paxnetnews.com/articles/64380
코로나19發 경제둔화 코스피도 못 피했다,"올해 상반기 유가증권시장(코스피)에 상장된 기업들의 실적(연결기준)이 모두 부진했다. 매출액, 영업이익, 순이익 등 모든 실적지표가 작년 동기 대비 줄어든 것이다. 코로나19 확산으로 인해...",2020.08.19 14:19,https://paxnetnews.com/articles/64383
"유비벨록스, 마이데이터 시장 진출",유비벨록스가 마이데이터 사업의 일환으로 종합금융플랫폼 '아차(a-cha) 서비스를 개시한다고 19일 밝혔다.  마이데이터 사업은 최근 언택트시대에 발맞춰 시장에서 각광받고 있는 사업이다. ...,2020.08.19 10:38,https://paxnetnews.com/articles/64368
"메타약품, 마스크 핵심 'MB필터' 생산시설 만든다","메타랩스 자회사 메타약품이 마스크 생산에 필수 소재인 멜트브로운(Melt Blown, MB) 필터 생산시설 구축에 나선다고 19일 밝혔다.  MB 필터 생산에 앞서 메타약품은 올해 초 JW...",2020.08.19 09:42,https://paxnetnews.com/articles/64360
"웹케시, 헤이그라운드 입주사 대상 특별 세미나 개최",B2B 핀테크 기업 웹케시는 소셜벤처 기업을 위한 공유 오피스 '헤이그라운드' 입주사를 대상으로 한 특별 세미나를 개최한다고 19일 밝혔다. 이번 세미나는 웹케시가 주최하는 행사로 오는 2...,2020.08.19 09:38,https://paxnetnews.com/articles/64361
'빅5' 證 2Q 순익 1조 상회…메리츠·키움證 웃었다,국내 증권사들이 올해 2분기에 호실적을 기록했다. 시중에 풀린 유동성이 증시에 몰리며 중개수수료(브로커리지)가 크게 늘어난 덕분이다. 다만 2분기 '어닝 서프라이즈' 홍수속 부실 사모펀드와...,2020.08.19 08:59,https://paxnetnews.com/articles/64333
"PH파마, 상장 주관사 교체…대신증권 낙점",기업공개(IPO)를 추진해온 신약 개발사 PH파마가 상장 대표 주관사를 대신증권으로 교체했다. 오는 2021년 코스닥 시장 입성을 목표로 기업실사부터 새롭게 시작한다는 방침이다. 18일 투...,2020.08.19 08:58,https://paxnetnews.com/articles/64278
"플리트 엔터, '스튜디오 산타클로스' 사명 변경",플리트 엔터테인먼트는 사명을 '스튜디오 산타클로스'로 변경하고 신사업 추진에 박차를 가한다고 19일 밝혔다. 최대주주 변경직후인 지난 7월 화이브라더스코리아에서 플리트로 간판을 바꿨지만 미...,2020.08.19 08:56,https://paxnetnews.com/articles/64358
"필룩스, 금호에이치티 주식 처분…'투자재원 확보'",필룩스가 신성장 동력을 확보하기 위해 투자재원 마련에 나섰다. 필룩스는 보유하고 있는 금호에이치티 주식 781만8235주 전량을 약 172억원에 처분한다고 18일 공시했다. 처분금액은 필룩...,2020.08.18 17:20,https://paxnetnews.com/articles/64345
"현대百, SK바이오랜드 경영권 1205억원에 인수",현대백화점그룹이 기능성 화장품 전문기업 '클린젠 코스메슈티칼(클린젠)'에 이어 SK그룹의 화장품 원료사 SK바이오랜드까지 품에 안으면서 뷰티사업을 확장하고 있다.  현대백화점그룹 계열사 현...,2020.08.18 13:57,https://paxnetnews.com/articles/64328
"한국테크놀로지 ""건설·5G 융합 통해 3년내 매출 1조""","한국테크놀로지가 3년 내 매출액 1조원 달성을 목표로 내걸었다.  18일 한국테크놀로지 신용구 대표는 ""건설과 5G 융합 사업을 통해 3년 내 연매출 1조원에 도전할 것""이라고 밝혔다. 한...",2020.08.18 10:35,https://paxnetnews.com/articles/64313
"와이앤지, 美 CES 투자유치 '임박'",광학소자 전문기업인 와이앤지가 해외 투자 유치에 박차를 가하고 있다.  와이앤지는 최근 글로벌 개발투자전문그룹인 미국 CES Corp. Enterprise(이하 CES)로부터 3D 센싱 광...,2020.08.18 10:16,https://paxnetnews.com/articles/64309
"'한시적 공매도 금지' 종료 임박, 업계 입장차 팽배",공매도 거래 재개가 한 달 앞으로 다가오면서 공매도 금지 시한 연장을 두고 업계의 입장이 엇갈리고 있다.  공매도를 재개해야 상승세를 타고 있는 증시에 부정적인 충격이 적을 것이라고 보는 ...,2020.08.18 08:38,https://paxnetnews.com/articles/64284
"투비소프트, 상반기 영업이익 흑자 달성","투비소프트가 3년만에 상반기 흑자를 달성했다.  18일 투비소프트는 올해 상반기 별도기준 영업이익이 1억7700만원으로 전년동기 대비 흑자 전환했다고 밝혔다. 같은 기간 매출은 170억원,...",2020.08.18 08:38,https://paxnetnews.com/articles/64301
"어닝쇼크 파라다이스, 차입구조 개선으로 '안도'",파라다이스가 올 들어 코로나19 직격탄을 맞은 가운데 차입구조를 장기화 한 점은 위안거리로 꼽힌다. 실적악화로 인해 신용등급 강등 우려가 커진 터라 재무건전성을 유지하는 데 차환 부담이 적...,2020.08.18 08:34,https://paxnetnews.com/articles/64280
"'디스커버리·MLB' 에프앤에프, 벤처투자사 설립 추진","국내 패션업체 '에프앤에프(F&F)'가 미래성장 동력 확보를 위해 신기술사업금융업 진출을 추진하고 있다. 하반기 중 법인 설립 작업을 시작, 본격적인 벤처투자를 위한 사전 준비에 나설 예정...",2020.08.18 08:00,https://paxnetnews.com/articles/64263
"PF로 웃은 중소형證, 하반기에도 이어질까",증권사들이 상반기 성적 발표에 돌입했다. 신종 코로나바이러스감염증(코로나19) 직격탄을 맞았던 1분기와 달리 양호한 성적을 거뒀다. 특히 중소형 증권사들의 선전이 빛났다. 금융당국이 부동산...,2020.08.17 08:00,https://paxnetnews.com/articles/64272
"삼성증권, 2Q 순익 전년比 37% 증가",삼성증권이 2분기 호실적 덕분에 연간 실적 회복 가능성을 높였다. 순수탁수수료 수익이 사상 최대치를 기록한 덕분에 1분기 충격을 다소 만회했다. '알짜' 기업들의 주가가 폭락하면서 주식을 ...,2020.08.14 19:41,https://paxnetnews.com/articles/64298
"쌍방울, 유증 일반공모 1조 몰려 '경쟁률 394대 1'",마스크 신사업에 속도를 내고 있는 쌍방울이 성공적으로 유상증자를 마감했다. 14일 쌍방울은 실권주 일반공모 청약결과 1조1300억원 가량 몰리면서 394대 1의 청약률을 기록했다고 밝혔다....,2020.08.14 17:55,https://paxnetnews.com/articles/64293
"한국테크놀로지, 상반기 흑자전환 ""사업 다각화 효과""",대우조선해양건설의 최대주주이자 샤오미 한국 총판인 한국테크놀로지가 올해 상반기 흑자 전환에 성공했다. 한국테크놀로지가 영업이익·당기순이익 모두 흑자를 기록한 것은 2014년 이후 6년 만의...,2020.08.14 17:38,https://paxnetnews.com/articles/64289
"이엑스티 ""CB 평가손실, 회계 상 착시""","이엑스티가 전환사채(CB) 전환청구권 평가 손실로 올해 상반기 당기순손실이 증가한 부분과 관련 ""회계기준에 따른 착시일뿐 실제 현금 손실이 발생한 것은 아니다""라고 14일 밝혔다.   이엑...",2020.08.14 17:32,https://paxnetnews.com/articles/64288
"삼본전자 ""연내 게임 2~3종 출시, 실적 개선 목표""",삼본전자가 다수의 다중역할수행게임(MMORPG)을 출시해 하반기 실적 개선을 노린다고 14일 밝혔다. 삼본전자는 연내 MMORPG 신작 2~3종을 선보일 예정이다. 앞서 출시한 모바일 게임...,2020.08.14 17:26,https://paxnetnews.com/articles/64285
"아주IB투자, 언택트·바이오 투자로 반기 실적 선방",아주IB투자가 언택트(비대면)·바이오 분야 투자 성과를 바탕으로 올해 상반기 괄목할만한 실적을 냈다. 코로나19에 따른 위기 상황 속에서도 기존 탄탄한 투자 포트폴리오가 빛을 발한 것으로 ...,2020.08.14 16:47,https://paxnetnews.com/articles/64276
"롯데칠성, 물만 잘 팔았다","롯데칠성이 주력인 음료사업에서 고배를 마셨다. 간판인 칠성사이다를 포함한 탄산음료와 주스, 커피 매출이 줄어든 여파였다. 이 결과 경쟁사인 LG생활건강 음료(리프레시먼트)부문과의 영업이익 ...",2020.08.14 15:17,https://paxnetnews.com/articles/64264
"한양증권, 21년만 분기최대실적 ""인재 인프라 빛났다""","한양증권이 21년 만에 분기 최대실적을 기록했다. '동학개미운동'으로 중개수수료(브로커리지)가 늘어난 가운데 기업금융, 채권, 자산운용 등 하우스 전 부문에서 실적이 오르며 유의미한 성과를...",2020.08.14 11:22,https://paxnetnews.com/articles/64252
"코닉글로리, 게임사로 새출발","새 주인을 맞은 코닉글로리가 게임업체로 새출발한다. 코닉글로리는 오는 19일 임시주총에서 이사진을 개편한다고 14일 밝혔다. 이사선임 안건이 통과될 경우, 한국 및 중국의 게임 전문가들이 ...",2020.08.14 10:57,https://paxnetnews.com/articles/64251
특징주,글로벌텍스프리 주가가 중국 시진핑 주석 방한 소식에 강세를 보이고 있다. 시 주석 방한 이후 한한령 해제에 따른 중국 관광객 증가로 사업적 성장이 기대되기 때문이다. 글로벌텍스프리는 외국인...,2020.08.14 10:49,https://paxnetnews.com/series/64250
"비즈플레이, KPGA 코리안투어 개최",무증빙 경비지출관리 서비스 기업 비즈플레이가 KPGA 코리안투어를 개최한다고 14일 밝혔다. 이번 KPGA 코리안투어는 다음 달 17일부터 20일까지 나흘 간 진행된다. 경북 김천에 위치한...,2020.08.14 10:13,https://paxnetnews.com/articles/64245
"'언택트 수혜' 메타랩스, 상반기 흑자전환",메타랩스가 코로나19로 어려웠던 대내외 환경에도 불구하고 올해 상반기 흑자전환에 성공했다. 언택트(비대면) 소비 확산에 따른 온라인 패션 부문 성장과 해외 화장품 매출이 늘어난 효과다.  ...,2020.08.14 08:52,https://paxnetnews.com/articles/64233
"핌스 IPO, '오버행' 우려 해소가 관건",유기발광다이오드(OLED) 패널 공정용 핵심 부품(마스크)을 제조하는 핌스의 기업공개(IPO)를 앞두고 투자자들 사이에서 '오버행(대량 매도 대기 주식)' 이슈를 우려하는 목소리가 나온다....,2020.08.14 08:35,https://paxnetnews.com/articles/64219
공모리츠 동상이몽,올해 공모리츠가 부진한 흥행 성적표를 받아들었지만 리츠업계의 상장 시장 진출에 대한 관심과 열기는 한동안 이어질 것으로 전망된다. 일각에서는 성공적 공모리츠의 흥행이 이어지기 위해 시장과 ...,2020.08.14 08:30,https://paxnetnews.com/series/64216
수탁업무 '셧다운' 예탁원 가세..사모펀드 결성 난항,라임펀드와 옵티머스 펀드 등 잇따른 사모펀드 사태이후 대부분의 수탁사와 사무관리회사가 잠정적 관련 업무 중단에 나서고 있다. 각 기관들은 각종 부실 사태에 대한 후속 조치를 택한 것이다. ...,2020.08.13 20:58,https://paxnetnews.com/articles/64218
'辛의 새 남자' 롯데지주 이동우·이훈기 발탁 배경,롯데그룹이 이례적인 '8월 임원인사'를 단행했다. 13일 신동빈 롯데그룹 회장의 오른팔로 여겨졌던 황각규 롯데지주 부회장은 퇴진했고 올 3월 사내이사로 신규 선임된 윤종민 경영전략실장(사장...,2020.08.13 19:54,https://paxnetnews.com/articles/64232
"한시적 공매도 금지, 해제될까?","올초 적용됐던 시적 공매도 금지 조치 종료시한이 한달 앞으로 다가오면서 종료 여부를 놓고 시장 관계자간 입장이 첨예하게 갈리는 상황이다.  13일 한국거래소는 학회, 업계, 투자자 대표 등...",2020.08.13 19:23,https://paxnetnews.com/articles/64222
